YEAR,STATE,ST_Num,COUNTY,CTY_Num,TRACT_Num,Total_Housing_Units,Total_Vacant,Median_Home_Value,Foreign_Born,Median_Home_Age,Single_Family_Detached
1960,Kentucky,21,Jefferson,111,1,667,194,59983,4,21,313
1960,Kentucky,21,Jefferson,111,2,1400,569,59983,21,21,818
1960,Kentucky,21,Jefferson,111,3,902,181,59983,8,21,691
1960,Kentucky,21,Jefferson,111,4,1701,265,99973,66,21,1579
1960,Kentucky,21,Jefferson,111,5,841,292,59983,8,21,609
1960,Kentucky,21,Jefferson,111,6,1704,688,59983,8,21,991
1960,Kentucky,21,Jefferson,111,7,1580,494,59983,46,21,1048
1960,Kentucky,21,Jefferson,111,8,1012,236,99973,43,21,643
1960,Kentucky,21,Jefferson,111,9,1141,437,99973,0,21,597
1960,Kentucky,21,Jefferson,111,10,2035,1042,59983,12,21,1420
1960,Kentucky,21,Jefferson,111,11,1672,480,99973,37,21,1317
1960,Kentucky,21,Jefferson,111,12,818,170,59983,0,15.5,672
1960,Kentucky,21,Jefferson,111,13,893,400,59983,5,21,729
1960,Kentucky,21,Jefferson,111,14,1430,2361,59983,0,5,421
1960,Kentucky,21,Jefferson,111,15,1739,678,59983,25,21,1380
1960,Kentucky,21,Jefferson,111,16,1713,476,59983,40,21,1394
1960,Kentucky,21,Jefferson,111,17,1385,462,59983,24,21,916
1960,Kentucky,21,Jefferson,111,18,1551,638,59983,28,21,758
1960,Kentucky,21,Jefferson,111,19,1230,1104,59983,3,21,501
1960,Kentucky,21,Jefferson,111,20,1590,1329,59983,9,21,850
1960,Kentucky,21,Jefferson,111,21,2030,884,59983,33,21,1106
1960,Kentucky,21,Jefferson,111,22,1554,589,19994,16,21,933
1960,Kentucky,21,Jefferson,111,23,2094,943,59983,19,21,1541
1960,Kentucky,21,Jefferson,111,24,1558,1431,59983,5,21,908
1960,Kentucky,21,Jefferson,111,25,1834,1931,59983,0,21,722
1960,Kentucky,21,Jefferson,111,26,1518,915,59983,8,21,813
1960,Kentucky,21,Jefferson,111,27,2195,1226,59983,6,21,1426
1960,Kentucky,21,Jefferson,111,28,1226,528,59983,4,21,827
1960,Kentucky,21,Jefferson,111,29,770,783,59983,15,21,361
1960,Kentucky,21,Jefferson,111,30,1946,2976,59983,19,21,980
1960,Kentucky,21,Jefferson,111,31,800,1276,99973,4,21,128
1960,Kentucky,21,Jefferson,111,32,503,718,59983,0,21,139
1960,Kentucky,21,Jefferson,111,33,1071,972,19994,0,21,503
1960,Kentucky,21,Jefferson,111,34,895,516,59983,7,21,353
1960,Kentucky,21,Jefferson,111,35,1217,905,59983,11,15.5,404
1960,Kentucky,21,Jefferson,111,36,2597,764,59983,36,15.5,2031
1960,Kentucky,21,Jefferson,111,37,1417,619,59983,22,21,725
1960,Kentucky,21,Jefferson,111,38,1523,340,59983,4,21,1223
1960,Kentucky,21,Jefferson,111,39,1931,673,59983,31,15.5,1494
1960,Kentucky,21,Jefferson,111,40,888,239,59983,9,21,686
1960,Kentucky,21,Jefferson,111,41,1417,596,59983,34,21,681
1960,Kentucky,21,Jefferson,111,42,730,137,59983,12,15.5,634
1960,Kentucky,21,Jefferson,111,43,2254,1315,59983,42,5,1238
1960,Kentucky,21,Jefferson,111,44,1673,431,99973,40,21,1274
1960,Kentucky,21,Jefferson,111,45,1159,213,59983,25,15.5,1063
1960,Kentucky,21,Jefferson,111,46,1653,377,99973,37,15.5,1520
1960,Kentucky,21,Jefferson,111,47,726,465,0,13,21,142
1960,Kentucky,21,Jefferson,111,48,532,451,19994,25,21,58
1960,Kentucky,21,Jefferson,111,49,1327,1338,139962,25,21,122
1960,Kentucky,21,Jefferson,111,50,1752,1446,99973,31,21,112
1960,Kentucky,21,Jefferson,111,51,2479,1806,99973,89,21,836
1960,Kentucky,21,Jefferson,111,52,3139,2138,99973,116,21,210
1960,Kentucky,21,Jefferson,111,53,1525,964,99973,46,21,248
1960,Kentucky,21,Jefferson,111,54,235,82,59983,8,21,156
1960,Kentucky,21,Jefferson,111,55,1428,585,59983,15,21,870
1960,Kentucky,21,Jefferson,111,56,1629,833,59983,15,15.5,920
1960,Kentucky,21,Jefferson,111,57,1431,981,59983,8,21,289
1960,Kentucky,21,Jefferson,111,58,924,874,59983,44,21,31
1960,Kentucky,21,Jefferson,111,59,2318,2468,59983,51,21,819
1960,Kentucky,21,Jefferson,111,60,1185,1008,59983,14,21,662
1960,Kentucky,21,Jefferson,111,61,819,730,59983,31,21,114
1960,Kentucky,21,Jefferson,111,62,1821,2131,59983,10,21,913
1960,Kentucky,21,Jefferson,111,63,1751,744,59983,45,21,1293
1960,Kentucky,21,Jefferson,111,64,1393,658,59983,56,21,511
1960,Kentucky,21,Jefferson,111,65,1083,550,59983,41,21,676
1960,Kentucky,21,Jefferson,111,66,2386,1387,59983,77,21,662
1960,Kentucky,21,Jefferson,111,67,859,420,59983,11,21,494
1960,Kentucky,21,Jefferson,111,68,1494,391,59983,49,21,907
1960,Kentucky,21,Jefferson,111,69,1311,364,59983,31,21,882
1960,Kentucky,21,Jefferson,111,70,1325,221,99973,72,21,994
1960,Kentucky,21,Jefferson,111,71,1899,623,59983,63,21,1597
1960,Kentucky,21,Jefferson,111,72,818,516,59983,44,21,512
1960,Kentucky,21,Jefferson,111,73,529,282,59983,3,21,211
1960,Kentucky,21,Jefferson,111,74,1511,690,59983,35,21,953
1960,Kentucky,21,Jefferson,111,75,1965,213,0,143,5,1831
1960,Kentucky,21,Jefferson,111,76,1929,656,99973,53,21,1283
1960,Kentucky,21,Jefferson,111,77,1018,344,139962,35,21,596
1960,Kentucky,21,Jefferson,111,78,1567,326,99973,73,21,1354
1960,Kentucky,21,Jefferson,111,79,984,387,99973,48,21,587
1960,Kentucky,21,Jefferson,111,80,562,181,59983,15,21,362
1960,Kentucky,21,Jefferson,111,81,1890,674,59983,23,21,1073
1960,Kentucky,21,Jefferson,111,82,2375,1271,139962,175,21,834
1960,Kentucky,21,Jefferson,111,83,1330,516,139962,55,21,583
1960,Kentucky,21,Jefferson,111,84,1571,514,99973,137,21,1177
1960,Kentucky,21,Jefferson,111,85,1107,547,139962,144,21,533
1960,Kentucky,21,Jefferson,111,86,259,27,139962,4,21,257
1960,Kentucky,21,Jefferson,111,87,937,235,139962,91,5,696
1960,Kentucky,21,Jefferson,111,87,669,479,139962,26,15.5,300
1960,Kentucky,21,Jefferson,111,88,1481,566,139962,231,21,885
1960,Kentucky,21,Jefferson,111,89,1583,272,139962,196,21,1405
1960,Kentucky,21,Jefferson,111,90,2641,728,99973,147,15.5,2246
1960,Kentucky,21,Jefferson,111,91,1524,313,99973,34,15.5,1257
1960,Kentucky,21,Jefferson,111,92,1519,269,99973,28,15.5,1407
1960,Kentucky,21,Jefferson,111,93,1442,129,99973,56,15.5,1329
1960,Kentucky,21,Jefferson,111,94,1466,267,59983,53,15.5,1151
1960,Kentucky,21,Jefferson,111,95,246,35,139962,35,15.5,233
1960,Kentucky,21,Jefferson,111,96,991,83,139962,49,15.5,933
1960,Kentucky,21,Jefferson,111,97,993,141,99973,92,5,875
1960,Kentucky,21,Jefferson,111,98,1232,163,0,57,15.5,1208
1960,Kentucky,21,Jefferson,111,99,1112,161,0,60,5,1027
1960,Kentucky,21,Jefferson,111,100,2810,245,0,190,5,2699
1960,Kentucky,21,Jefferson,111,101,1609,196,0,84,5,1564
1960,Kentucky,21,Jefferson,111,102,20,10,0,19,21,15
1960,Kentucky,21,Jefferson,111,103,1220,438,0,36,21,1132
1960,Kentucky,21,Jefferson,111,104,1633,358,0,61,15.5,1528
1960,Kentucky,21,Jefferson,111,105,942,38,139962,96,5,931
1960,Kentucky,21,Jefferson,111,106,1448,224,139962,47,15.5,1273
1960,Kentucky,21,Jefferson,111,107,1354,233,139962,49,5,1319
1960,Kentucky,21,Jefferson,111,108,934,39,139962,31,5,921
1960,Kentucky,21,Jefferson,111,109,3187,348,139962,211,5,3049
1960,Kentucky,21,Jefferson,111,110,2679,373,139962,110,5,2496
1960,Kentucky,21,Jefferson,111,111,2486,313,139962,52,5,2398
1960,Kentucky,21,Jefferson,111,112,603,27,139962,14,5,596
1960,Kentucky,21,Jefferson,111,113,2263,445,99973,18,5,2217
1960,Kentucky,21,Jefferson,111,114,2525,298,0,26,5,2408
1960,Kentucky,21,Jefferson,111,115,2114,264,0,29,5,2038
1960,Kentucky,21,Jefferson,111,116,935,239,0,8,21,873
1960,Kentucky,21,Jefferson,111,117,1861,264,0,4,5,1777
1960,Kentucky,21,Jefferson,111,118,1734,212,99973,35,5,1683
1960,Kentucky,21,Jefferson,111,119,3094,356,0,58,5,2948
1960,Kentucky,21,Jefferson,111,120,2786,400,0,34,5,2625
1960,Kentucky,21,Jefferson,111,121,4566,787,0,291,5,4259
1960,Kentucky,21,Jefferson,111,122,1556,213,0,8,5,1513
1960,Kentucky,21,Jefferson,111,123,954,77,99973,4,5,943
1960,Kentucky,21,Jefferson,111,124,4877,501,0,124,5,4715
1960,Kentucky,21,Jefferson,111,125,2648,310,0,49,5,2497
1960,Kentucky,21,Jefferson,111,126,4060,330,0,45,5,3916
1960,Kentucky,21,Jefferson,111,127,2323,453,59983,30,5,2153
1960,Kentucky,21,Jefferson,111,128,2200,503,99973,52,15.5,1941
1960,Kentucky,21,Jefferson,111,129,324,55,0,26,21,295
1960,Kentucky,21,Jefferson,111,130,609,66,0,34,21,544
1960,Kentucky,21,Jefferson,111,131,896,87,0,115,21,840
1960,Kentucky,21,Jefferson,111,132,257,5,0,8,15.5,251
1970,Kentucky,21,Jefferson,111,1,370,370,53387,14,25.5,251
1970,Kentucky,21,Jefferson,111,2,1004,1004,38134,0,25.5,630
1970,Kentucky,21,Jefferson,111,3,670,670,68641,5,25.5,586
1970,Kentucky,21,Jefferson,111,4,1717,1717,68641,10,25.5,1535
1970,Kentucky,21,Jefferson,111,5,723,723,38134,0,25.5,545
1970,Kentucky,21,Jefferson,111,6,1159,1159,68641,4,25.5,828
1970,Kentucky,21,Jefferson,111,7,1253,1253,68641,32,25.5,869
1970,Kentucky,21,Jefferson,111,8,809,809,68641,5,25.5,642
1970,Kentucky,21,Jefferson,111,9,1015,1015,68641,0,25.5,634
1970,Kentucky,21,Jefferson,111,10,1606,1606,53387,0,25.5,1233
1970,Kentucky,21,Jefferson,111,11,1602,1602,68641,5,25.5,1317
1970,Kentucky,21,Jefferson,111,12,846,846,68641,11,25.5,778
1970,Kentucky,21,Jefferson,111,13,443,443,68641,0,25.5,372
1970,Kentucky,21,Jefferson,111,14,1486,1486,68641,0,15.5,244
1970,Kentucky,21,Jefferson,111,15,1790,1790,68641,0,25.5,1269
1970,Kentucky,21,Jefferson,111,16,1610,1610,53387,10,25.5,1265
1970,Kentucky,21,Jefferson,111,17,1142,1142,68641,0,25.5,872
1970,Kentucky,21,Jefferson,111,18,1062,1062,53387,0,25.5,771
1970,Kentucky,21,Jefferson,111,19,1103,1103,38134,0,25.5,536
1970,Kentucky,21,Jefferson,111,20,1339,1339,53387,6,25.5,755
1970,Kentucky,21,Jefferson,111,21,1620,1619,38134,21,25.5,1055
1970,Kentucky,21,Jefferson,111,22,889,889,38134,27,25.5,626
1970,Kentucky,21,Jefferson,111,23,1769,1769,38134,17,25.5,1229
1970,Kentucky,21,Jefferson,111,24,1178,1178,38134,0,25.5,575
1970,Kentucky,21,Jefferson,111,25,869,869,38134,0,25.5,318
1970,Kentucky,21,Jefferson,111,26,833,833,53387,4,25.5,539
1970,Kentucky,21,Jefferson,111,27,1642,1641,38134,0,25.5,1137
1970,Kentucky,21,Jefferson,111,28,1098,1098,53387,29,25.5,652
1970,Kentucky,21,Jefferson,111,29,192,192,53387,0,25.5,31
1970,Kentucky,21,Jefferson,111,30,693,693,0,4,25.5,241
1970,Kentucky,21,Jefferson,111,31,202,202,0,0,25.5,21
1970,Kentucky,21,Jefferson,111,32,374,374,53387,0,25.5,105
1970,Kentucky,21,Jefferson,111,33,754,754,38134,0,25.5,374
1970,Kentucky,21,Jefferson,111,34,584,584,38134,7,25.5,286
1970,Kentucky,21,Jefferson,111,35,1000,1000,53387,12,25.5,282
1970,Kentucky,21,Jefferson,111,36,2532,2532,68641,30,25.5,1932
1970,Kentucky,21,Jefferson,111,37,1181,1179,53387,8,25.5,685
1970,Kentucky,21,Jefferson,111,38,1442,1440,68641,11,25.5,1210
1970,Kentucky,21,Jefferson,111,39,1903,1903,68641,31,25.5,1497
1970,Kentucky,21,Jefferson,111,40,837,837,68641,4,25.5,604
1970,Kentucky,21,Jefferson,111,41,1397,1397,68641,23,25.5,627
1970,Kentucky,21,Jefferson,111,42,666,666,68641,25,25.5,623
1970,Kentucky,21,Jefferson,111,43,2884,2884,68641,87,15.5,1130
1970,Kentucky,21,Jefferson,111,44,1956,1956,83894,30,25.5,1214
1970,Kentucky,21,Jefferson,111,45,1417,1417,83894,28,15.5,1187
1970,Kentucky,21,Jefferson,111,46,1739,1739,83894,26,25.5,1238
1970,Kentucky,21,Jefferson,111,47,180,180,0,5,25.5,10
1970,Kentucky,21,Jefferson,111,48,98,98,0,0,860,7
1970,Kentucky,21,Jefferson,111,49,592,592,0,15,25.5,12
1970,Kentucky,21,Jefferson,111,50,1253,1253,99148,50,25.5,45
1970,Kentucky,21,Jefferson,111,51,2103,2103,68641,69,25.5,150
1970,Kentucky,21,Jefferson,111,52,2751,2751,83894,70,25.5,135
1970,Kentucky,21,Jefferson,111,53,692,692,68641,104,25.5,52
1970,Kentucky,21,Jefferson,111,54,183,183,38134,0,25.5,141
1970,Kentucky,21,Jefferson,111,55,1144,1144,53387,8,25.5,819
1970,Kentucky,21,Jefferson,111,56,1768,1768,68641,38,25.5,783
1970,Kentucky,21,Jefferson,111,57,639,639,38134,0,25.5,209
1970,Kentucky,21,Jefferson,111,58,14,14,0,0,25.5,5
1970,Kentucky,21,Jefferson,111,59,1979,1979,38134,34,25.5,272
1970,Kentucky,21,Jefferson,111,60,809,809,38134,10,25.5,402
1970,Kentucky,21,Jefferson,111,61,497,497,53387,16,25.5,76
1970,Kentucky,21,Jefferson,111,62,1437,1437,38134,14,25.5,633
1970,Kentucky,21,Jefferson,111,63,1592,1592,53387,25,25.5,1137
1970,Kentucky,21,Jefferson,111,64,1181,1181,53387,45,25.5,485
1970,Kentucky,21,Jefferson,111,65,970,969,53387,6,25.5,581
1970,Kentucky,21,Jefferson,111,66,1749,1749,53387,0,25.5,269
1970,Kentucky,21,Jefferson,111,67,637,637,53387,16,25.5,436
1970,Kentucky,21,Jefferson,111,68,1149,1149,53387,17,25.5,931
1970,Kentucky,21,Jefferson,111,69,1072,1071,53387,10,25.5,852
1970,Kentucky,21,Jefferson,111,70,1061,1061,83894,18,25.5,898
1970,Kentucky,21,Jefferson,111,71,1834,1834,68641,35,25.5,1385
1970,Kentucky,21,Jefferson,111,72,134,134,53387,0,25.5,42
1970,Kentucky,21,Jefferson,111,73,271,271,38134,3,25.5,116
1970,Kentucky,21,Jefferson,111,74,1247,1247,53387,23,25.5,588
1970,Kentucky,21,Jefferson,111,7501,1361,1359,228804,98,15.5,1300
1970,Kentucky,21,Jefferson,111,7502,966,1146,228804,67,15.5,1134
1970,Kentucky,21,Jefferson,111,76,3512,3511,83894,231,15.5,1417
1970,Kentucky,21,Jefferson,111,77,1110,1110,18303,49,25.5,735
1970,Kentucky,21,Jefferson,111,78,1682,1682,99148,75,25.5,1334
1970,Kentucky,21,Jefferson,111,79,985,985,83894,30,25.5,470
1970,Kentucky,21,Jefferson,111,80,424,424,53387,10,25.5,326
1970,Kentucky,21,Jefferson,111,81,1400,1400,38134,5,25.5,887
1970,Kentucky,21,Jefferson,111,82,2610,2610,114402,71,25.5,580
1970,Kentucky,21,Jefferson,111,83,1357,1357,83894,116,25.5,655
1970,Kentucky,21,Jefferson,111,84,1530,1530,83894,80,25.5,1005
1970,Kentucky,21,Jefferson,111,85,1124,1120,114402,56,25.5,392
1970,Kentucky,21,Jefferson,111,86,294,294,18303,5,25.5,234
1970,Kentucky,21,Jefferson,111,87,1216,1214,228804,108,15.5,1014
1970,Kentucky,21,Jefferson,111,88,1547,1547,137283,170,25.5,929
1970,Kentucky,21,Jefferson,111,89,1602,1601,114402,109,25.5,1336
1970,Kentucky,21,Jefferson,111,90,2773,2773,83894,91,25.5,2090
1970,Kentucky,21,Jefferson,111,91,3193,3193,99148,106,8,2385
1970,Kentucky,21,Jefferson,111,92,1457,1457,83894,20,25.5,1178
1970,Kentucky,21,Jefferson,111,93,1771,1771,99148,100,25.5,1535
1970,Kentucky,21,Jefferson,111,94,1355,1354,68641,38,25.5,908
1970,Kentucky,21,Jefferson,111,95,296,296,114402,26,15.5,283
1970,Kentucky,21,Jefferson,111,96,1744,1744,18303,103,15.5,1399
1970,Kentucky,21,Jefferson,111,97,1023,1023,99148,87,15.5,900
1970,Kentucky,21,Jefferson,111,98,1389,1389,114402,42,25.5,1157
1970,Kentucky,21,Jefferson,111,99,1396,1395,137283,53,15.5,983
1970,Kentucky,21,Jefferson,111,10001,1360,1360,18303,46,15.5,1275
1970,Kentucky,21,Jefferson,111,10002,1456,1456,18303,50,8,1407
1970,Kentucky,21,Jefferson,111,10003,2428,2428,137283,110,8,2208
1970,Kentucky,21,Jefferson,111,10101,1156,1154,83894,29,15.5,1139
1970,Kentucky,21,Jefferson,111,10102,868,867,18303,54,15.5,853
1970,Kentucky,21,Jefferson,111,102,22,22,137283,16,15.5,22
1970,Kentucky,21,Jefferson,111,10301,1168,1471,228804,72,3.5,1434
1970,Kentucky,21,Jefferson,111,10302,436,615,99148,6,25.5,578
1970,Kentucky,21,Jefferson,111,104,2178,2177,137283,97,15.5,2074
1970,Kentucky,21,Jefferson,111,105,1542,1542,18303,163,15.5,1207
1970,Kentucky,21,Jefferson,111,106,2012,2012,114402,61,25.5,1247
1970,Kentucky,21,Jefferson,111,107,2168,2167,18303,68,8,2084
1970,Kentucky,21,Jefferson,111,108,1328,1327,114402,28,15.5,1121
1970,Kentucky,21,Jefferson,111,10901,2062,2062,114402,118,15.5,1496
1970,Kentucky,21,Jefferson,111,10902,1827,1827,114402,59,15.5,1637
1970,Kentucky,21,Jefferson,111,11001,4340,4340,137283,143,8,3471
1970,Kentucky,21,Jefferson,111,11002,1519,1519,83894,21,8,641
1970,Kentucky,21,Jefferson,111,111,4892,4890,114402,153,8,4446
1970,Kentucky,21,Jefferson,111,112,1954,1954,114402,146,8,738
1970,Kentucky,21,Jefferson,111,113,3265,3265,83894,63,15.5,2681
1970,Kentucky,21,Jefferson,111,11401,1799,1799,83894,48,15.5,1560
1970,Kentucky,21,Jefferson,111,11402,2906,2906,99148,118,8,1967
1970,Kentucky,21,Jefferson,111,11501,3954,3954,114402,70,8,3620
1970,Kentucky,21,Jefferson,111,11502,1287,1287,137283,10,8,1272
1970,Kentucky,21,Jefferson,111,116,47,1072,83894,21,25.5,1029
1970,Kentucky,21,Jefferson,111,11701,1771,1769,99148,33,8,1761
1970,Kentucky,21,Jefferson,111,11702,2112,2112,83894,30,8,2036
1970,Kentucky,21,Jefferson,111,11703,644,945,99148,10,15.5,928
1970,Kentucky,21,Jefferson,111,118,2015,2015,68641,54,15.5,1874
1970,Kentucky,21,Jefferson,111,11901,1310,1310,68641,16,8,1128
1970,Kentucky,21,Jefferson,111,11902,2209,2209,99148,60,8,1822
1970,Kentucky,21,Jefferson,111,11903,2607,2607,114402,89,8,2185
1970,Kentucky,21,Jefferson,111,120,3115,3256,68641,24,15.5,3063
1970,Kentucky,21,Jefferson,111,12101,2370,2491,83894,166,15.5,2332
1970,Kentucky,21,Jefferson,111,12102,3827,3826,99148,227,15.5,3325
1970,Kentucky,21,Jefferson,111,122,3355,3355,114402,65,15.5,2948
1970,Kentucky,21,Jefferson,111,123,1654,1654,114402,30,15.5,1620
1970,Kentucky,21,Jefferson,111,12401,2507,2507,99148,15,8,2378
1970,Kentucky,21,Jefferson,111,12402,3325,3325,99148,90,8,3224
1970,Kentucky,21,Jefferson,111,12403,2312,2311,83894,42,15.5,2247
1970,Kentucky,21,Jefferson,111,125,4368,4368,99148,42,15.5,3092
1970,Kentucky,21,Jefferson,111,12601,2774,2774,114402,39,15.5,2306
1970,Kentucky,21,Jefferson,111,12602,2967,2967,99148,62,15.5,2649
1970,Kentucky,21,Jefferson,111,127,3663,3652,83894,74,15.5,2991
1970,Kentucky,21,Jefferson,111,128,2611,2611,83894,57,15.5,2115
1970,Kentucky,21,Jefferson,111,129,301,301,18303,5,25.5,241
1970,Kentucky,21,Jefferson,111,130,645,645,137283,13,25.5,555
1970,Kentucky,21,Jefferson,111,131,948,948,137283,64,25.5,862
1970,Kentucky,21,Jefferson,111,132,262,262,137283,23,25.5,262
1980,Kentucky,21,Jefferson,111,1,345,40,50277,18,41,262
1980,Kentucky,21,Jefferson,111,2,860,79,40,13,41,555
1980,Kentucky,21,Jefferson,111,3,609,39,50277,4,35.5,541
1980,Kentucky,21,Jefferson,111,4,1633,65,64642,16,35.5,1482
1980,Kentucky,21,Jefferson,111,5,649,62,40,0,41,531
1980,Kentucky,21,Jefferson,111,6,888,87,50277,0,41,698
1980,Kentucky,21,Jefferson,111,7,1283,117,50277,0,35.5,964
1980,Kentucky,21,Jefferson,111,8,849,56,64642,19,35.5,694
1980,Kentucky,21,Jefferson,111,9,958,55,64642,31,41,678
1980,Kentucky,21,Jefferson,111,10,1393,142,50277,3,41,1147
1980,Kentucky,21,Jefferson,111,11,1578,88,64642,18,35.5,1368
1980,Kentucky,21,Jefferson,111,12,853,28,64642,6,35.5,778
1980,Kentucky,21,Jefferson,111,13,519,35,64642,0,25.5,461
1980,Kentucky,21,Jefferson,111,14,1500,100,64642,19,25.5,1042
1980,Kentucky,21,Jefferson,111,15,1677,155,50277,13,35.5,1468
1980,Kentucky,21,Jefferson,111,16,1363,103,50277,15,41,1185
1980,Kentucky,21,Jefferson,111,17,1066,87,50277,0,41,910
1980,Kentucky,21,Jefferson,111,18,858,84,40,0,41,701
1980,Kentucky,21,Jefferson,111,19,808,202,40,4,41,504
1980,Kentucky,21,Jefferson,111,20,1062,180,40,0,41,721
1980,Kentucky,21,Jefferson,111,21,1413,131,40,34,41,1071
1980,Kentucky,21,Jefferson,111,22,709,51,28730.1,5,41,573
1980,Kentucky,21,Jefferson,111,23,1407,175,28730.1,20,41,1108
1980,Kentucky,21,Jefferson,111,24,783,189,40,0,41,532
1980,Kentucky,21,Jefferson,111,25,517,170,40,4,41,291
1980,Kentucky,21,Jefferson,111,26,419,54,40,0,41,336
1980,Kentucky,21,Jefferson,111,27,1332,181,40,6,41,1053
1980,Kentucky,21,Jefferson,111,28,975,48,50277,20,35.5,792
1980,Kentucky,21,Jefferson,111,29,151,13,0,0,15.5,56
1980,Kentucky,21,Jefferson,111,30,1489,31,50277,53,25.5,1277
1980,Kentucky,21,Jefferson,111,32,210,26,40,0,41,171
1980,Kentucky,21,Jefferson,111,33,523,148,28730.1,0,41,332
1980,Kentucky,21,Jefferson,111,34,363,106,28730.1,0,41,253
1980,Kentucky,21,Jefferson,111,35,937,74,50277,12,35.5,435
1980,Kentucky,21,Jefferson,111,36,2458,79,64642,50,35.5,2000
1980,Kentucky,21,Jefferson,111,37,986,110,50277,85,41,656
1980,Kentucky,21,Jefferson,111,38,1361,40,64642,20,35.5,1237
1980,Kentucky,21,Jefferson,111,39,1863,51,64642,19,35.5,1515
1980,Kentucky,21,Jefferson,111,40,876,71,64642,29,41,659
1980,Kentucky,21,Jefferson,111,41,1219,105,64642,21,41,683
1980,Kentucky,21,Jefferson,111,42,657,14,64642,0,35.5,630
1980,Kentucky,21,Jefferson,111,4301,1724,139,64642,38,15.5,853
1980,Kentucky,21,Jefferson,111,4302,1448,39,50277,17,25.5,1311
1980,Kentucky,21,Jefferson,111,44,1991,68,79007,51,35.5,1300
1980,Kentucky,21,Jefferson,111,45,1487,38,79007,55,25.5,1225
1980,Kentucky,21,Jefferson,111,46,1750,57,93372,20,35.5,1340
1980,Kentucky,21,Jefferson,111,47,58,5,0,34,35.5,6
1980,Kentucky,21,Jefferson,111,48,18,4,0,0,41,4
1980,Kentucky,21,Jefferson,111,49,1441,145,50277,18,25.5,172
1980,Kentucky,21,Jefferson,111,50,876,108,50277,31,15.5,134
1980,Kentucky,21,Jefferson,111,51,2356,365,79007,121,41,320
1980,Kentucky,21,Jefferson,111,52,2360,348,107737,128,41,326
1980,Kentucky,21,Jefferson,111,53,589,71,107737,313,41,89
1980,Kentucky,21,Jefferson,111,54,109,8,40,0,35.5,90
1980,Kentucky,21,Jefferson,111,55,1025,69,50277,5,41,798
1980,Kentucky,21,Jefferson,111,56,2129,60,64642,153,35.5,1153
1980,Kentucky,21,Jefferson,111,57,316,53,40,0,41,176
1980,Kentucky,21,Jefferson,111,58,0,0,0,0,0,0
1980,Kentucky,21,Jefferson,111,59,1920,110,40,64,25.5,1112
1980,Kentucky,21,Jefferson,111,60,551,150,28730.1,13,41,346
1980,Kentucky,21,Jefferson,111,61,234,56,40,0,41,67
1980,Kentucky,21,Jefferson,111,62,1158,167,28730.1,27,35.5,726
1980,Kentucky,21,Jefferson,111,63,1380,113,40,26,41,1078
1980,Kentucky,21,Jefferson,111,64,1056,102,50277,11,41,481
1980,Kentucky,21,Jefferson,111,65,966,110,40,10,41,621
1980,Kentucky,21,Jefferson,111,66,1463,324,64642,70,41,397
1980,Kentucky,21,Jefferson,111,67,597,67,40,15,41,439
1980,Kentucky,21,Jefferson,111,68,1097,51,50277,34,41,922
1980,Kentucky,21,Jefferson,111,69,1148,44,50277,28,41,926
1980,Kentucky,21,Jefferson,111,70,1059,33,79007,17,41,931
1980,Kentucky,21,Jefferson,111,71,1795,80,64642,11,41,1425
1980,Kentucky,21,Jefferson,111,72,76,9,64642,5,41,32
1980,Kentucky,21,Jefferson,111,73,202,28,40,5,41,131
1980,Kentucky,21,Jefferson,111,74,1201,100,64642,77,41,676
1980,Kentucky,21,Jefferson,111,7501,1751,68,359126,167,25.5,1684
1980,Kentucky,21,Jefferson,111,7502,1538,48,359126,66,15.5,1438
1980,Kentucky,21,Jefferson,111,7601,1040,45,129285,18,35.5,623
1980,Kentucky,21,Jefferson,111,7602,2044,121,93372,136,15.5,804
1980,Kentucky,21,Jefferson,111,7603,1010,44,107737,18,15.5,683
1980,Kentucky,21,Jefferson,111,77,1244,57,0,0,0,0
1980,Kentucky,21,Jefferson,111,78,1671,36,129285,70,41,1348
1980,Kentucky,21,Jefferson,111,79,960,37,107737,27,41,498
1980,Kentucky,21,Jefferson,111,80,392,17,50277,9,41,317
1980,Kentucky,21,Jefferson,111,81,1258,104,40,0,41,864
1980,Kentucky,21,Jefferson,111,82,2784,290,186745,74,41,822
1980,Kentucky,21,Jefferson,111,83,1368,43,129285,60,41,719
1980,Kentucky,21,Jefferson,111,84,1519,46,107737,101,41,1043
1980,Kentucky,21,Jefferson,111,85,1192,46,186745,63,41,461
1980,Kentucky,21,Jefferson,111,86,264,5,258570,26,35.5,241
1980,Kentucky,21,Jefferson,111,87,1401,24,258570,165,25.5,1215
1980,Kentucky,21,Jefferson,111,88,1635,59,186745,63,41,973
1980,Kentucky,21,Jefferson,111,89,1620,38,129285,66,41,1343
1980,Kentucky,21,Jefferson,111,90,3022,130,93372,73,25.5,2730
1980,Kentucky,21,Jefferson,111,9101,616,18,0,0,0,596
1980,Kentucky,21,Jefferson,111,9102,3193,155,93372,60,15.5,2105
1980,Kentucky,21,Jefferson,111,92,1394,53,79007,32,35.5,1128
1980,Kentucky,21,Jefferson,111,93,1792,46,107737,73,25.5,1550
1980,Kentucky,21,Jefferson,111,94,1404,54,64642,17,35.5,1004
1980,Kentucky,21,Jefferson,111,95,354,8,186745,16,25.5,339
1980,Kentucky,21,Jefferson,111,96,1969,123,186745,164,25.5,1529
1980,Kentucky,21,Jefferson,111,97,1194,28,107737,89,25.5,920
1980,Kentucky,21,Jefferson,111,98,1390,19,129285,20,35.5,1132
1980,Kentucky,21,Jefferson,111,99,1503,18,186745,67,25.5,1056
1980,Kentucky,21,Jefferson,111,10001,1757,66,186745,148,25.5,1597
1980,Kentucky,21,Jefferson,111,10002,2688,88,186745,322,15.5,2308
1980,Kentucky,21,Jefferson,111,10003,4264,271,129285,256,15.5,3246
1980,Kentucky,21,Jefferson,111,10101,1458,100,107737,46,25.5,1305
1980,Kentucky,21,Jefferson,111,10102,1097,36,0,0,0,0
1980,Kentucky,21,Jefferson,111,102,73,0,186745,5,7.5,73
1980,Kentucky,21,Jefferson,111,10301,4979,328,0,304,7.5,0
1980,Kentucky,21,Jefferson,111,10302,817,54,186745,84,25.5,766
1980,Kentucky,21,Jefferson,111,10401,2181,169,0,64,15.5,0
1980,Kentucky,21,Jefferson,111,10402,1478,63,186745,65,15.5,1401
1980,Kentucky,21,Jefferson,111,105,1581,28,186745,58,25.5,1421
1980,Kentucky,21,Jefferson,111,106,2277,78,0,192,25.5,1535
1980,Kentucky,21,Jefferson,111,10701,1535,137,359126,143,7.5,1022
1980,Kentucky,21,Jefferson,111,10702,1500,69,186745,36,15.5,1278
1980,Kentucky,21,Jefferson,111,10703,3349,293,258570,188,7.5,2779
1980,Kentucky,21,Jefferson,111,10704,292,16,186745,4,25.5,0
1980,Kentucky,21,Jefferson,111,108,1500,47,129285,0,0,1335
1980,Kentucky,21,Jefferson,111,10901,2328,120,129285,227,25.5,1623
1980,Kentucky,21,Jefferson,111,10902,1867,27,129285,103,25.5,1671
1980,Kentucky,21,Jefferson,111,11001,6341,270,129285,399,15.5,4501
1980,Kentucky,21,Jefferson,111,11002,2313,238,93372,245,15.5,1118
1980,Kentucky,21,Jefferson,111,11101,1426,73,186745,42,7.5,1246
1980,Kentucky,21,Jefferson,111,11102,1816,52,129285,82,15.5,1561
1980,Kentucky,21,Jefferson,111,11103,3897,219,129285,134,15.5,2983
1980,Kentucky,21,Jefferson,111,11104,2098,98,186745,68,15.5,1894
1980,Kentucky,21,Jefferson,111,112,2600,264,129285,128,15.5,1168
1980,Kentucky,21,Jefferson,111,11301,959,40,64642,23,25.5,713
1980,Kentucky,21,Jefferson,111,11302,2690,258,64642,107,15.5,2180
1980,Kentucky,21,Jefferson,111,11402,3755,124,107737,94,15.5,2897
1980,Kentucky,21,Jefferson,111,11403,874,11,79007,14,25.5,858
1980,Kentucky,21,Jefferson,111,11404,1491,177,93372,37,15.5,1022
1980,Kentucky,21,Jefferson,111,11502,2896,66,129285,157,7.5,2720
1980,Kentucky,21,Jefferson,111,11503,3792,324,186745,163,7.5,3011
1980,Kentucky,21,Jefferson,111,11504,1549,67,129285,26,7.5,1399
1980,Kentucky,21,Jefferson,111,11505,2039,136,129285,61,15.5,1606
1980,Kentucky,21,Jefferson,111,116,1293,83,129285,87,25.5,1232
1980,Kentucky,21,Jefferson,111,11701,2521,61,129285,75,15.5,2491
1980,Kentucky,21,Jefferson,111,11703,1424,55,129285,15,15.5,1244
1980,Kentucky,21,Jefferson,111,11704,1619,120,93372,32,15.5,1528
1980,Kentucky,21,Jefferson,111,11705,2197,145,93372,22,15.5,1872
1980,Kentucky,21,Jefferson,111,118,2220,66,79007,0,0,1990
1980,Kentucky,21,Jefferson,111,11901,1472,68,79007,12,15.5,1160
1980,Kentucky,21,Jefferson,111,11904,1147,32,93372,14,15.5,969
1980,Kentucky,21,Jefferson,111,11905,2176,61,107737,86,15.5,1850
1980,Kentucky,21,Jefferson,111,11906,1370,68,107737,24,15.5,1159
1980,Kentucky,21,Jefferson,111,11907,1719,30,129285,13,25.5,1630
1980,Kentucky,21,Jefferson,111,12001,1305,49,79007,14,25.5,1265
1980,Kentucky,21,Jefferson,111,12002,1487,45,79007,50,15.5,997
1980,Kentucky,21,Jefferson,111,12003,1225,41,93372,15,15.5,1080
1980,Kentucky,21,Jefferson,111,12103,982,26,107737,104,25.5,955
1980,Kentucky,21,Jefferson,111,12104,1493,65,64642,97,25.5,1324
1980,Kentucky,21,Jefferson,111,12105,1141,11,93372,65,25.5,1125
1980,Kentucky,21,Jefferson,111,12106,2352,71,107737,166,15.5,2131
1980,Kentucky,21,Jefferson,111,12107,1709,72,93372,123,15.5,1240
1980,Kentucky,21,Jefferson,111,12201,3214,168,186745,88,15.5,2353
1980,Kentucky,21,Jefferson,111,12202,2189,60,107737,23,15.5,1791
1980,Kentucky,21,Jefferson,111,123,3134,86,129285,101,15.5,2607
1980,Kentucky,21,Jefferson,111,12404,603,12,79007,6,25.5,587
1980,Kentucky,21,Jefferson,111,12405,2488,56,107737,91,15.5,2380
1980,Kentucky,21,Jefferson,111,12406,2228,33,93372,50,25.5,2057
1980,Kentucky,21,Jefferson,111,12407,1183,10,107737,98,15.5,1164
1980,Kentucky,21,Jefferson,111,12408,1033,28,93372,63,25.5,954
1980,Kentucky,21,Jefferson,111,12409,1417,61,79007,37,25.5,1356
1980,Kentucky,21,Jefferson,111,12501,1170,55,93372,16,25.5,738
1980,Kentucky,21,Jefferson,111,12502,1910,65,93372,5,15.5,1315
1980,Kentucky,21,Jefferson,111,12503,1734,60,93372,0,15.5,1461
1980,Kentucky,21,Jefferson,111,12601,2873,30,107737,55,25.5,2466
1980,Kentucky,21,Jefferson,111,12603,1183,30,93372,6,25.5,989
1980,Kentucky,21,Jefferson,111,12604,2030,26,93372,38,25.5,1826
1980,Kentucky,21,Jefferson,111,12701,2086,64,79007,95,15.5,1358
1980,Kentucky,21,Jefferson,111,12702,886,33,64642,9,25.5,865
1980,Kentucky,21,Jefferson,111,12703,1836,29,93372,61,15.5,1327
1980,Kentucky,21,Jefferson,111,12801,1326,49,79007,45,25.5,1186
1980,Kentucky,21,Jefferson,111,12802,1329,66,79007,33,25.5,978
1980,Kentucky,21,Jefferson,111,129,320,5,93372,15,41,294
1980,Kentucky,21,Jefferson,111,130,633,17,186745,17,41,553
1980,Kentucky,21,Jefferson,111,131,945,14,186745,46,41,865
1980,Kentucky,21,Jefferson,111,132,270,7,186745,5,35.5,266
1990,Kentucky,21,Jefferson,111,1,426,25,58867,17,51,253
1990,Kentucky,21,Jefferson,111,2,799,125,31697,0,51,496
1990,Kentucky,21,Jefferson,111,3,611,53,49810,0,45.5,547
1990,Kentucky,21,Jefferson,111,4,1620,119,58867,0,45.5,1486
1990,Kentucky,21,Jefferson,111,5,623,71,31697,0,51,506
1990,Kentucky,21,Jefferson,111,6,803,122,40754,11,51,616
1990,Kentucky,21,Jefferson,111,7,1220,99,49810,4,51,913
1990,Kentucky,21,Jefferson,111,8,880,60,58867,12,51,714
1990,Kentucky,21,Jefferson,111,9,1025,71,58867,0,51,616
1990,Kentucky,21,Jefferson,111,10,1263,209,40754,15,51,1010
1990,Kentucky,21,Jefferson,111,11,1574,102,67923,6,45.5,1318
1990,Kentucky,21,Jefferson,111,12,835,58,58867,0,45.5,767
1990,Kentucky,21,Jefferson,111,13,503,35,67923,0,25.5,430
1990,Kentucky,21,Jefferson,111,14,1555,339,58867,0,35.5,100
1990,Kentucky,21,Jefferson,111,15,1498,170,49810,18,45.5,1163
1990,Kentucky,21,Jefferson,111,16,1329,192,49810,0,45.5,1128
1990,Kentucky,21,Jefferson,111,17,1048,123,49810,6,45.5,832
1990,Kentucky,21,Jefferson,111,18,783,144,40754,7,45.5,605
1990,Kentucky,21,Jefferson,111,20,902,186,31697,12,45.5,551
1990,Kentucky,21,Jefferson,111,21,1304,181,31697,32,51,940
1990,Kentucky,21,Jefferson,111,22,622,70,31697,0,51,492
1990,Kentucky,21,Jefferson,111,23,1173,194,27169,24,51,898
1990,Kentucky,21,Jefferson,111,24,1614,407,31697,6,51,777
1990,Kentucky,21,Jefferson,111,27,1686,270,31697,0,45.5,1096
1990,Kentucky,21,Jefferson,111,28,954,85,49810,11,45.5,561
1990,Kentucky,21,Jefferson,111,30,1651,260,122262,12,35.5,43
1990,Kentucky,21,Jefferson,111,34,390,85,27169,0,51,255
1990,Kentucky,21,Jefferson,111,35,876,53,40754,0,45.5,171
1990,Kentucky,21,Jefferson,111,36,2399,153,58867,41,45.5,1895
1990,Kentucky,21,Jefferson,111,37,934,122,49810,17,51,561
1990,Kentucky,21,Jefferson,111,38,1673,82,58867,6,45.5,1537
1990,Kentucky,21,Jefferson,111,39,1809,126,58867,14,45.5,1460
1990,Kentucky,21,Jefferson,111,40,829,69,58867,8,45.5,618
1990,Kentucky,21,Jefferson,111,41,1168,108,67923,42,45.5,575
1990,Kentucky,21,Jefferson,111,4301,1894,316,58867,14,35.5,524
1990,Kentucky,21,Jefferson,111,4302,1422,61,49810,63,35.5,468
1990,Kentucky,21,Jefferson,111,44,2155,111,76979,33,45.5,1424
1990,Kentucky,21,Jefferson,111,45,1504,84,76979,5,35.5,1149
1990,Kentucky,21,Jefferson,111,46,1767,80,86036,44,45.5,1208
1990,Kentucky,21,Jefferson,111,49,1755,317,158488,25,25.5,1
1990,Kentucky,21,Jefferson,111,50,1151,140,40754,35,25.5,44
1990,Kentucky,21,Jefferson,111,51,2558,411,86036,54,45.5,195
1990,Kentucky,21,Jefferson,111,52,2377,434,122262,106,51,249
1990,Kentucky,21,Jefferson,111,53,714,74,158488,172,51,38
1990,Kentucky,21,Jefferson,111,55,738,129,58867,36,51,520
1990,Kentucky,21,Jefferson,111,56,2063,196,67923,552,35.5,693
1990,Kentucky,21,Jefferson,111,57,492,67,58867,18,51,169
1990,Kentucky,21,Jefferson,111,59,2182,139,31697,112,25.5,165
1990,Kentucky,21,Jefferson,111,62,1166,404,27169,7,51,481
1990,Kentucky,21,Jefferson,111,63,989,87,49810,4,51,745
1990,Kentucky,21,Jefferson,111,64,1022,99,76979,52,51,447
1990,Kentucky,21,Jefferson,111,65,1380,146,40754,22,51,765
1990,Kentucky,21,Jefferson,111,66,1417,229,76979,72,51,278
1990,Kentucky,21,Jefferson,111,68,1080,69,67923,6,51,905
1990,Kentucky,21,Jefferson,111,69,1154,77,67923,5,51,848
1990,Kentucky,21,Jefferson,111,70,1061,36,86036,11,51,933
1990,Kentucky,21,Jefferson,111,71,2368,121,67923,257,51,1598
1990,Kentucky,21,Jefferson,111,74,1185,116,76979,80,51,525
1990,Kentucky,21,Jefferson,111,7501,2045,89,339617,179,25.5,1920
1990,Kentucky,21,Jefferson,111,7502,1863,104,294335,168,25.5,1656
1990,Kentucky,21,Jefferson,111,7601,1044,43,122262,36,45.5,404
1990,Kentucky,21,Jefferson,111,7602,2077,128,76979,71,25.5,497
1990,Kentucky,21,Jefferson,111,7603,1414,177,122262,63,15.5,392
1990,Kentucky,21,Jefferson,111,77,1272,69,203770,118,45.5,731
1990,Kentucky,21,Jefferson,111,78,1660,53,122262,49,45.5,1285
1990,Kentucky,21,Jefferson,111,79,1007,63,122262,56,51,461
1990,Kentucky,21,Jefferson,111,81,1711,166,58867,31,51,1072
1990,Kentucky,21,Jefferson,111,82,2696,209,203770,86,51,566
1990,Kentucky,21,Jefferson,111,83,1384,88,158488,45,51,698
1990,Kentucky,21,Jefferson,111,84,1522,79,99621,79,51,1016
1990,Kentucky,21,Jefferson,111,85,1153,75,158488,24,51,405
1990,Kentucky,21,Jefferson,111,87,1743,36,249052,147,35.5,1400
1990,Kentucky,21,Jefferson,111,88,1613,78,203770,114,51,931
1990,Kentucky,21,Jefferson,111,89,1762,45,158488,70,51,1402
1990,Kentucky,21,Jefferson,111,90,2930,84,86036,19,35.5,2128
1990,Kentucky,21,Jefferson,111,9101,274,8,122262,9,35.5,264
1990,Kentucky,21,Jefferson,111,9102,3390,115,99621,48,25.5,2074
1990,Kentucky,21,Jefferson,111,92,1183,116,76979,8,45.5,1040
1990,Kentucky,21,Jefferson,111,93,1800,74,122262,61,35.5,1517
1990,Kentucky,21,Jefferson,111,94,1339,51,76979,13,45.5,832
1990,Kentucky,21,Jefferson,111,95,407,9,158488,5,25.5,391
1990,Kentucky,21,Jefferson,111,96,2041,52,158488,64,35.5,1480
1990,Kentucky,21,Jefferson,111,97,1233,36,122262,100,35.5,875
1990,Kentucky,21,Jefferson,111,98,1422,63,158488,25,45.5,1101
1990,Kentucky,21,Jefferson,111,99,1486,50,158488,49,35.5,959
1990,Kentucky,21,Jefferson,111,10001,2030,66,158488,110,25.5,1684
1990,Kentucky,21,Jefferson,111,10002,3202,107,203770,240,15.5,2561
1990,Kentucky,21,Jefferson,111,10004,2226,205,122262,142,15.5,590
1990,Kentucky,21,Jefferson,111,10005,1421,32,99621,47,25.5,1307
1990,Kentucky,21,Jefferson,111,10006,1550,82,158488,74,25.5,984
1990,Kentucky,21,Jefferson,111,10101,3134,287,122262,166,8,1469
1990,Kentucky,21,Jefferson,111,10102,1417,39,203770,61,25.5,1340
1990,Kentucky,21,Jefferson,111,102,209,35,158488,23,3.5,135
1990,Kentucky,21,Jefferson,111,10302,1361,55,294335,97,15.5,1160
1990,Kentucky,21,Jefferson,111,10303,1229,86,294335,141,15.5,950
1990,Kentucky,21,Jefferson,111,10304,2968,465,249052,182,15.5,2319
1990,Kentucky,21,Jefferson,111,10305,2649,163,122262,132,15.5,1540
1990,Kentucky,21,Jefferson,111,10401,4021,355,294335,226,15.5,2352
1990,Kentucky,21,Jefferson,111,10402,1820,70,158488,75,15.5,1716
1990,Kentucky,21,Jefferson,111,105,1593,54,158488,63,35.5,1149
1990,Kentucky,21,Jefferson,111,106,3463,209,158488,79,15.5,1253
1990,Kentucky,21,Jefferson,111,10701,1907,62,339617,243,15.5,1238
1990,Kentucky,21,Jefferson,111,10702,2397,388,158488,82,15.5,1388
1990,Kentucky,21,Jefferson,111,10704,314,11,203770,9,25.5,311
1990,Kentucky,21,Jefferson,111,10705,2782,269,203770,149,15.5,1104
1990,Kentucky,21,Jefferson,111,10706,1374,50,203770,122,15.5,986
1990,Kentucky,21,Jefferson,111,108,1652,89,122262,64,35.5,1127
1990,Kentucky,21,Jefferson,111,10901,2315,60,122262,198,35.5,1415
1990,Kentucky,21,Jefferson,111,10902,2200,55,99621,83,35.5,1640
1990,Kentucky,21,Jefferson,111,11002,2557,276,86036,78,15.5,432
1990,Kentucky,21,Jefferson,111,11003,2681,101,122262,87,25.5,1769
1990,Kentucky,21,Jefferson,111,11004,3090,108,122262,172,25.5,1437
1990,Kentucky,21,Jefferson,111,11005,1316,40,76979,28,25.5,827
1990,Kentucky,21,Jefferson,111,11101,2056,54,158488,138,15.5,1688
1990,Kentucky,21,Jefferson,111,11102,1760,62,122262,50,25.5,1452
1990,Kentucky,21,Jefferson,111,11104,2514,56,122262,29,15.5,2160
1990,Kentucky,21,Jefferson,111,11105,1164,39,158488,82,15.5,818
1990,Kentucky,21,Jefferson,111,11106,3023,141,122262,87,25.5,2119
1990,Kentucky,21,Jefferson,111,112,2862,300,122262,185,25.5,735
1990,Kentucky,21,Jefferson,111,11301,1174,42,76979,37,25.5,672
1990,Kentucky,21,Jefferson,111,11302,2676,97,58867,39,25.5,2118
1990,Kentucky,21,Jefferson,111,11403,864,29,76979,24,35.5,846
1990,Kentucky,21,Jefferson,111,11404,1469,83,86036,21,25.5,612
1990,Kentucky,21,Jefferson,111,11405,2218,128,86036,86,25.5,1188
1990,Kentucky,21,Jefferson,111,11406,1536,44,99621,39,25.5,994
1990,Kentucky,21,Jefferson,111,11504,2059,77,122262,83,15.5,1634
1990,Kentucky,21,Jefferson,111,11505,2089,82,122262,0,25.5,1512
1990,Kentucky,21,Jefferson,111,11506,1520,29,122262,47,15.5,1355
1990,Kentucky,21,Jefferson,111,11507,2114,50,122262,22,15.5,1643
1990,Kentucky,21,Jefferson,111,11508,1333,27,158488,48,25.5,1050
1990,Kentucky,21,Jefferson,111,11509,1465,269,99621,77,25.5,588
1990,Kentucky,21,Jefferson,111,11510,1480,18,122262,15,15.5,1467
1990,Kentucky,21,Jefferson,111,116,1790,125,203770,68,15.5,1734
1990,Kentucky,21,Jefferson,111,11703,1590,55,122262,10,15.5,1317
1990,Kentucky,21,Jefferson,111,11704,1775,46,86036,20,15.5,1494
1990,Kentucky,21,Jefferson,111,11705,2398,91,86036,56,25.5,1916
1990,Kentucky,21,Jefferson,111,11706,1260,17,122262,45,25.5,1247
1990,Kentucky,21,Jefferson,111,11707,1125,31,86036,24,25.5,1113
1990,Kentucky,21,Jefferson,111,118,1968,59,67923,37,35.5,1533
1990,Kentucky,21,Jefferson,111,11901,1279,50,67923,24,25.5,1016
1990,Kentucky,21,Jefferson,111,11904,1140,18,76979,37,25.5,586
1990,Kentucky,21,Jefferson,111,11905,2240,45,99621,49,25.5,1830
1990,Kentucky,21,Jefferson,111,11906,1609,61,99621,20,25.5,707
1990,Kentucky,21,Jefferson,111,11907,1707,39,122262,10,35.5,1508
1990,Kentucky,21,Jefferson,111,12001,1320,47,76979,6,35.5,1288
1990,Kentucky,21,Jefferson,111,12002,1660,45,67923,64,25.5,956
1990,Kentucky,21,Jefferson,111,12003,1445,48,76979,23,25.5,1017
1990,Kentucky,21,Jefferson,111,12103,994,22,86036,34,35.5,973
1990,Kentucky,21,Jefferson,111,12104,1457,93,58867,95,35.5,1305
1990,Kentucky,21,Jefferson,111,12105,1181,15,86036,46,35.5,1161
1990,Kentucky,21,Jefferson,111,12106,2350,48,99621,99,25.5,2114
1990,Kentucky,21,Jefferson,111,12107,1758,90,76979,93,25.5,1228
1990,Kentucky,21,Jefferson,111,12202,2379,65,99621,0,25.5,1682
1990,Kentucky,21,Jefferson,111,12203,2198,72,158488,41,15.5,1796
1990,Kentucky,21,Jefferson,111,12204,1406,75,122262,19,15.5,612
1990,Kentucky,21,Jefferson,111,12301,1361,17,122262,89,25.5,1291
1990,Kentucky,21,Jefferson,111,12302,1963,81,122262,12,15.5,1162
1990,Kentucky,21,Jefferson,111,12404,585,23,76979,0,35.5,575
1990,Kentucky,21,Jefferson,111,12405,2653,59,99621,104,25.5,2484
1990,Kentucky,21,Jefferson,111,12406,2278,35,86036,21,35.5,1999
1990,Kentucky,21,Jefferson,111,12407,1309,11,99621,44,25.5,1176
1990,Kentucky,21,Jefferson,111,12408,1015,21,86036,56,35.5,860
1990,Kentucky,21,Jefferson,111,12409,1379,23,67923,34,35.5,1327
1990,Kentucky,21,Jefferson,111,12501,1199,55,86036,17,35.5,612
1990,Kentucky,21,Jefferson,111,12502,1764,86,86036,31,35.5,1163
1990,Kentucky,21,Jefferson,111,12503,1727,48,86036,36,25.5,1363
1990,Kentucky,21,Jefferson,111,12601,2851,86,99621,70,35.5,2269
1990,Kentucky,21,Jefferson,111,12603,1181,29,86036,16,35.5,950
1990,Kentucky,21,Jefferson,111,12604,2077,58,86036,7,35.5,1816
1990,Kentucky,21,Jefferson,111,12701,1992,130,67923,12,25.5,1078
1990,Kentucky,21,Jefferson,111,12702,860,22,58867,26,25.5,837
1990,Kentucky,21,Jefferson,111,12703,1878,64,86036,42,25.5,1248
1990,Kentucky,21,Jefferson,111,12801,1396,60,76979,0,25.5,1149
1990,Kentucky,21,Jefferson,111,12802,1287,94,67923,0,35.5,850
1990,Kentucky,21,Jefferson,111,129,314,14,99621,6,45.5,284
1990,Kentucky,21,Jefferson,111,130,636,17,158488,14,51,552
1990,Kentucky,21,Jefferson,111,131,876,25,158488,39,51,796
1990,Kentucky,21,Jefferson,111,132,270,8,158488,4,45.5,268
2000,Kentucky,21,Jefferson,111,2,1348,186,51554,48,61,969
2000,Kentucky,21,Jefferson,111,3,1245,112,75612,0,61,1037
2000,Kentucky,21,Jefferson,111,4,2048,143,89360,41,55.5,1811
2000,Kentucky,21,Jefferson,111,6,781,128,75612,0,55.5,560
2000,Kentucky,21,Jefferson,111,7,1239,129,89360,0,55.5,946
2000,Kentucky,21,Jefferson,111,8,913,74,89360,0,55.5,753
2000,Kentucky,21,Jefferson,111,9,1008,88,89360,25,45.5,615
2000,Kentucky,21,Jefferson,111,10,1328,213,75612,0,55.5,1048
2000,Kentucky,21,Jefferson,111,11,1597,153,89360,15,55.5,1283
2000,Kentucky,21,Jefferson,111,12,1328,99,89360,17,45.5,1222
2000,Kentucky,21,Jefferson,111,14,618,113,89360,15,3.5,259
2000,Kentucky,21,Jefferson,111,15,1326,150,89360,18,45.5,1068
2000,Kentucky,21,Jefferson,111,16,1296,143,89360,23,55.5,1128
2000,Kentucky,21,Jefferson,111,17,1059,151,89360,26,55.5,839
2000,Kentucky,21,Jefferson,111,18,816,134,75612,21,55.5,612
2000,Kentucky,21,Jefferson,111,21,1262,194,51554,7,61,900
2000,Kentucky,21,Jefferson,111,23,1205,209,51554,7,61,853
2000,Kentucky,21,Jefferson,111,24,2602,449,75612,25,45.5,1337
2000,Kentucky,21,Jefferson,111,27,1701,324,44680,12,45.5,1172
2000,Kentucky,21,Jefferson,111,28,879,79,75612,4,55.5,571
2000,Kentucky,21,Jefferson,111,30,1423,75,0,16,35.5,7
2000,Kentucky,21,Jefferson,111,35,834,62,89360,7,45.5,183
2000,Kentucky,21,Jefferson,111,36,2407,246,89360,150,55.5,1854
2000,Kentucky,21,Jefferson,111,37,899,101,89360,69,55.5,538
2000,Kentucky,21,Jefferson,111,38,1951,105,89360,201,55.5,1591
2000,Kentucky,21,Jefferson,111,39,1805,115,89360,79,55.5,1519
2000,Kentucky,21,Jefferson,111,40,827,68,89360,5,55.5,659
2000,Kentucky,21,Jefferson,111,41,1413,107,89360,138,55.5,722
2000,Kentucky,21,Jefferson,111,43.01,1982,165,89360,59,35.5,712
2000,Kentucky,21,Jefferson,111,43.02,1414,100,75612,80,45.5,437
2000,Kentucky,21,Jefferson,111,44,2155,121,103108,187,55.5,1427
2000,Kentucky,21,Jefferson,111,45,1501,107,103108,191,45.5,1168
2000,Kentucky,21,Jefferson,111,46,1761,71,116855,272,55.5,1211
2000,Kentucky,21,Jefferson,111,49,1564,313,154662,109,45.5,6
2000,Kentucky,21,Jefferson,111,50,1133,124,89360,70,35.5,24
2000,Kentucky,21,Jefferson,111,51,2486,277,154662,127,61,190
2000,Kentucky,21,Jefferson,111,52,2320,262,189031,170,61,245
2000,Kentucky,21,Jefferson,111,53,686,94,130603,302,45.5,69
2000,Kentucky,21,Jefferson,111,56,1868,64,89360,1787,45.5,518
2000,Kentucky,21,Jefferson,111,59,2673,178,89360,141,35.5,374
2000,Kentucky,21,Jefferson,111,62,1060,175,75612,60,61,491
2000,Kentucky,21,Jefferson,111,63,1024,95,89360,39,61,808
2000,Kentucky,21,Jefferson,111,64,1026,84,130603,52,61,452
2000,Kentucky,21,Jefferson,111,65,1456,199,75612,68,61,779
2000,Kentucky,21,Jefferson,111,66,1435,202,130603,56,61,347
2000,Kentucky,21,Jefferson,111,68,1076,72,89360,16,61,923
2000,Kentucky,21,Jefferson,111,69,1223,72,89360,53,61,861
2000,Kentucky,21,Jefferson,111,70,1045,45,116855,56,61,911
2000,Kentucky,21,Jefferson,111,71,2348,165,103108,139,55.5,1545
2000,Kentucky,21,Jefferson,111,74,1102,106,116855,69,61,489
2000,Kentucky,21,Jefferson,111,75.01,2159,94,481170,164,35.5,1988
2000,Kentucky,21,Jefferson,111,75.02,2050,108,378062,148,25.5,1839
2000,Kentucky,21,Jefferson,111,76.01,1116,87,189031,59,55.5,403
2000,Kentucky,21,Jefferson,111,76.02,2061,158,103108,218,35.5,485
2000,Kentucky,21,Jefferson,111,76.03,1446,64,154662,125,25.5,394
2000,Kentucky,21,Jefferson,111,77,1535,78,309324,237,55.5,905
2000,Kentucky,21,Jefferson,111,78,1636,47,189031,56,55.5,1313
2000,Kentucky,21,Jefferson,111,79,999,80,189031,21,61,518
2000,Kentucky,21,Jefferson,111,81,1714,130,116855,64,61,1079
2000,Kentucky,21,Jefferson,111,82,2630,187,309324,184,61,691
2000,Kentucky,21,Jefferson,111,83,1383,88,223400,87,61,786
2000,Kentucky,21,Jefferson,111,84,1494,70,154662,53,61,1073
2000,Kentucky,21,Jefferson,111,85,1165,55,223400,107,61,433
2000,Kentucky,21,Jefferson,111,87,1580,63,309324,191,45.5,1375
2000,Kentucky,21,Jefferson,111,88,1607,77,257770,58,61,961
2000,Kentucky,21,Jefferson,111,89,1749,66,189031,124,61,1394
2000,Kentucky,21,Jefferson,111,90,2905,105,116855,453,45.5,2142
2000,Kentucky,21,Jefferson,111,91.03,667,20,89360,323,35.5,472
2000,Kentucky,21,Jefferson,111,91.04,3237,90,130603,125,25.5,1796
2000,Kentucky,21,Jefferson,111,93,2191,81,130603,35,45.5,1891
2000,Kentucky,21,Jefferson,111,94,2998,118,154662,88,55.5,2399
2000,Kentucky,21,Jefferson,111,96,2066,44,223400,129,35.5,1468
2000,Kentucky,21,Jefferson,111,97,1497,44,154662,239,45.5,1120
2000,Kentucky,21,Jefferson,111,98,1406,78,189031,63,55.5,1072
2000,Kentucky,21,Jefferson,111,99,1476,67,189031,37,45.5,981
2000,Kentucky,21,Jefferson,111,100.01,2169,84,223400,71,35.5,1809
2000,Kentucky,21,Jefferson,111,100.04,2239,79,189031,414,25.5,603
2000,Kentucky,21,Jefferson,111,100.05,1776,55,154662,160,35.5,1572
2000,Kentucky,21,Jefferson,111,100.06,1633,70,189031,189,35.5,1024
2000,Kentucky,21,Jefferson,111,100.07,1636,34,223400,152,35.5,1612
2000,Kentucky,21,Jefferson,111,100.08,1770,80,223400,147,25.5,1023
2000,Kentucky,21,Jefferson,111,101.01,3443,310,154662,355,15.5,1729
2000,Kentucky,21,Jefferson,111,101.02,1640,51,223400,190,25.5,1497
2000,Kentucky,21,Jefferson,111,103.03,1977,120,378062,351,15.5,1612
2000,Kentucky,21,Jefferson,111,103.06,2689,159,378062,221,3.5,2330
2000,Kentucky,21,Jefferson,111,103.07,653,48,378062,44,8,600
2000,Kentucky,21,Jefferson,111,103.08,3457,267,257770,464,15.5,2582
2000,Kentucky,21,Jefferson,111,103.09,1589,156,309324,290,3.5,992
2000,Kentucky,21,Jefferson,111,103.1,2441,91,189031,313,15.5,1667
2000,Kentucky,21,Jefferson,111,103.11,2254,113,154662,315,8,1494
2000,Kentucky,21,Jefferson,111,104.02,2142,98,189031,157,25.5,1875
2000,Kentucky,21,Jefferson,111,104.03,1329,52,257770,168,8,978
2000,Kentucky,21,Jefferson,111,104.04,4365,207,309324,509,15.5,2325
2000,Kentucky,21,Jefferson,111,105,1650,44,189031,78,45.5,1215
2000,Kentucky,21,Jefferson,111,106,3703,355,189031,411,25.5,1261
2000,Kentucky,21,Jefferson,111,107.01,2441,431,378062,159,25.5,1298
2000,Kentucky,21,Jefferson,111,107.02,2635,218,189031,329,25.5,1465
2000,Kentucky,21,Jefferson,111,107.05,2931,240,223400,403,25.5,1217
2000,Kentucky,21,Jefferson,111,107.06,1384,63,223400,102,25.5,981
2000,Kentucky,21,Jefferson,111,108,1697,65,154662,136,35.5,1173
2000,Kentucky,21,Jefferson,111,109.01,2305,140,130603,432,45.5,1407
2000,Kentucky,21,Jefferson,111,109.02,1955,51,130603,149,45.5,1659
2000,Kentucky,21,Jefferson,111,110.02,2476,232,116855,851,25.5,535
2000,Kentucky,21,Jefferson,111,110.03,2750,83,154662,373,35.5,1848
2000,Kentucky,21,Jefferson,111,110.04,3111,195,154662,344,35.5,1495
2000,Kentucky,21,Jefferson,111,110.05,1335,49,116855,90,35.5,881
2000,Kentucky,21,Jefferson,111,111.01,3621,185,189031,507,15.5,2369
2000,Kentucky,21,Jefferson,111,111.02,2144,125,154662,68,35.5,1792
2000,Kentucky,21,Jefferson,111,111.05,2816,114,223400,293,8,1592
2000,Kentucky,21,Jefferson,111,111.06,3102,177,154662,519,25.5,2159
2000,Kentucky,21,Jefferson,111,111.09,913,31,189031,34,25.5,743
2000,Kentucky,21,Jefferson,111,111.1,2119,46,154662,41,25.5,1992
2000,Kentucky,21,Jefferson,111,112,2868,307,130603,518,35.5,769
2000,Kentucky,21,Jefferson,111,113.01,1144,61,116855,13,35.5,767
2000,Kentucky,21,Jefferson,111,113.02,2695,225,89360,14,35.5,2192
2000,Kentucky,21,Jefferson,111,114.03,880,23,103108,7,45.5,867
2000,Kentucky,21,Jefferson,111,114.04,1626,53,116855,225,35.5,636
2000,Kentucky,21,Jefferson,111,114.05,2251,107,116855,277,35.5,1277
2000,Kentucky,21,Jefferson,111,114.06,1531,59,116855,121,35.5,969
2000,Kentucky,21,Jefferson,111,115.04,2515,63,154662,172,25.5,2032
2000,Kentucky,21,Jefferson,111,115.05,2194,107,154662,246,35.5,1606
2000,Kentucky,21,Jefferson,111,115.06,1836,48,154662,178,25.5,1572
2000,Kentucky,21,Jefferson,111,115.08,1465,84,154662,29,25.5,1142
2000,Kentucky,21,Jefferson,111,115.09,1797,218,154662,265,25.5,826
2000,Kentucky,21,Jefferson,111,115.1,2987,80,154662,65,25.5,2476
2000,Kentucky,21,Jefferson,111,115.11,2380,54,189031,360,8,1947
2000,Kentucky,21,Jefferson,111,115.12,1500,59,189031,37,15.5,1429
2000,Kentucky,21,Jefferson,111,116.01,1099,26,309324,106,15.5,1037
2000,Kentucky,21,Jefferson,111,116.02,1965,76,309324,114,15.5,1755
2000,Kentucky,21,Jefferson,111,117.03,1403,63,223400,51,15.5,976
2000,Kentucky,21,Jefferson,111,117.04,2428,95,130603,105,25.5,2196
2000,Kentucky,21,Jefferson,111,117.05,2518,118,116855,28,25.5,1925
2000,Kentucky,21,Jefferson,111,117.06,1349,45,154662,51,35.5,1316
2000,Kentucky,21,Jefferson,111,117.07,1242,31,116855,46,25.5,1225
2000,Kentucky,21,Jefferson,111,118,1528,34,103108,66,45.5,1118
2000,Kentucky,21,Jefferson,111,119.01,1267,69,103108,27,35.5,898
2000,Kentucky,21,Jefferson,111,119.04,1092,27,103108,75,35.5,550
2000,Kentucky,21,Jefferson,111,119.05,2622,88,116855,98,35.5,1995
2000,Kentucky,21,Jefferson,111,119.06,1594,76,130603,332,35.5,743
2000,Kentucky,21,Jefferson,111,119.07,1778,47,154662,12,35.5,1584
2000,Kentucky,21,Jefferson,111,120.01,1372,59,116855,21,35.5,1277
2000,Kentucky,21,Jefferson,111,120.02,2141,75,103108,40,15.5,1038
2000,Kentucky,21,Jefferson,111,120.03,1606,76,116855,27,25.5,1120
2000,Kentucky,21,Jefferson,111,121.03,1099,64,116855,118,45.5,1025
2000,Kentucky,21,Jefferson,111,121.04,1432,66,89360,69,45.5,1291
2000,Kentucky,21,Jefferson,111,121.05,1518,39,130603,60,35.5,1265
2000,Kentucky,21,Jefferson,111,121.06,2518,60,130603,100,35.5,2283
2000,Kentucky,21,Jefferson,111,121.07,2088,76,116855,123,25.5,1330
2000,Kentucky,21,Jefferson,111,122.02,2574,93,116855,165,35.5,1765
2000,Kentucky,21,Jefferson,111,122.03,2235,86,189031,98,25.5,1850
2000,Kentucky,21,Jefferson,111,122.04,1749,83,223400,30,25.5,907
2000,Kentucky,21,Jefferson,111,123.01,1394,29,130603,81,35.5,1312
2000,Kentucky,21,Jefferson,111,123.02,1986,129,154662,27,25.5,1201
2000,Kentucky,21,Jefferson,111,124.05,3620,97,130603,77,25.5,3015
2000,Kentucky,21,Jefferson,111,124.06,2269,72,116855,33,45.5,2042
2000,Kentucky,21,Jefferson,111,124.07,1561,28,130603,42,35.5,1561
2000,Kentucky,21,Jefferson,111,124.08,1011,33,116855,15,45.5,877
2000,Kentucky,21,Jefferson,111,124.09,1359,36,103108,62,45.5,1332
2000,Kentucky,21,Jefferson,111,125.01,1251,55,116855,86,45.5,625
2000,Kentucky,21,Jefferson,111,125.02,2355,114,116855,92,35.5,1784
2000,Kentucky,21,Jefferson,111,125.03,1826,78,116855,76,35.5,1455
2000,Kentucky,21,Jefferson,111,126.01,2866,77,116855,107,45.5,2266
2000,Kentucky,21,Jefferson,111,126.03,1205,63,116855,4,45.5,1001
2000,Kentucky,21,Jefferson,111,126.04,2084,113,116855,159,35.5,1784
2000,Kentucky,21,Jefferson,111,127.01,1928,221,89360,61,35.5,1104
2000,Kentucky,21,Jefferson,111,127.02,921,51,89360,4,45.5,846
2000,Kentucky,21,Jefferson,111,127.03,2168,94,116855,59,25.5,1511
2000,Kentucky,21,Jefferson,111,128.01,1449,64,103108,40,35.5,1160
2000,Kentucky,21,Jefferson,111,128.02,1254,69,89360,29,45.5,864
2000,Kentucky,21,Jefferson,111,131,889,22,223400,63,61,813
2009-2014,Kentucky,21,Jefferson,111,2,1321,310,35700,0,70,857
2009-2014,Kentucky,21,Jefferson,111,3,1209,207,51700,0,70,1138
2009-2014,Kentucky,21,Jefferson,111,4,2150,232,67200,19,64.5,1735
2009-2014,Kentucky,21,Jefferson,111,6,936,313,52000,9,70,522
2009-2014,Kentucky,21,Jefferson,111,7,1379,258,55100,0,70,949
2009-2014,Kentucky,21,Jefferson,111,8,907,66,91700,0,70,794
2009-2014,Kentucky,21,Jefferson,111,9,1026,162,71100,6,70,671
2009-2014,Kentucky,21,Jefferson,111,10,1346,352,63200,50,70,929
2009-2014,Kentucky,21,Jefferson,111,11,1681,336,77500,11,70,1295
2009-2014,Kentucky,21,Jefferson,111,12,1375,262,73400,36,64.5,1277
2009-2014,Kentucky,21,Jefferson,111,14,1104,110,131400,21,14.5,570
2009-2014,Kentucky,21,Jefferson,111,15,1559,387,72800,10,64.5,1168
2009-2014,Kentucky,21,Jefferson,111,16,1299,373,57700,0,70,1133
2009-2014,Kentucky,21,Jefferson,111,17,1096,289,67100,0,70,775
2009-2014,Kentucky,21,Jefferson,111,18,807,229,49200,0,70,601
2009-2014,Kentucky,21,Jefferson,111,21,1245,372,41500,0,70,932
2009-2014,Kentucky,21,Jefferson,111,23,1167,270,34900,38,70,784
2009-2014,Kentucky,21,Jefferson,111,24,2728,710,59900,0,70,1498
2009-2014,Kentucky,21,Jefferson,111,27,1591,439,57100,105,70,960
2009-2014,Kentucky,21,Jefferson,111,28,938,230,42100,0,64.5,568
2009-2014,Kentucky,21,Jefferson,111,30,1425,113,0,14,54.5,8
2009-2014,Kentucky,21,Jefferson,111,35,1283,159,47500,110,64.5,146
2009-2014,Kentucky,21,Jefferson,111,36,2425,480,69900,472,64.5,1927
2009-2014,Kentucky,21,Jefferson,111,37,915,252,75200,25,70,477
2009-2014,Kentucky,21,Jefferson,111,38,1605,198,69700,68,64.5,1536
2009-2014,Kentucky,21,Jefferson,111,39,1848,432,72100,152,64.5,1543
2009-2014,Kentucky,21,Jefferson,111,40,860,167,72100,103,64.5,565
2009-2014,Kentucky,21,Jefferson,111,41,1456,296,89700,165,64.5,902
2009-2014,Kentucky,21,Jefferson,111,43.01,2087,220,60200,100,34.5,729
2009-2014,Kentucky,21,Jefferson,111,43.02,658,167,74500,196,64.5,484
2009-2014,Kentucky,21,Jefferson,111,44,2110,308,97000,434,64.5,1426
2009-2014,Kentucky,21,Jefferson,111,45,1441,107,98100,180,54.5,1056
2009-2014,Kentucky,21,Jefferson,111,46,1661,120,104100,333,64.5,1384
2009-2014,Kentucky,21,Jefferson,111,49,2084,546,312500,400,54.5,8
2009-2014,Kentucky,21,Jefferson,111,50,1239,229,146600,16,54.5,11
2009-2014,Kentucky,21,Jefferson,111,51,2526,298,252900,41,70,246
2009-2014,Kentucky,21,Jefferson,111,52,2241,275,214100,49,70,407
2009-2014,Kentucky,21,Jefferson,111,53,740,84,180600,208,64.5,90
2009-2014,Kentucky,21,Jefferson,111,56,1998,436,84200,2291,54.5,554
2009-2014,Kentucky,21,Jefferson,111,59,2753,392,105600,280,44.5,350
2009-2014,Kentucky,21,Jefferson,111,62,913,278,74700,120,70,395
2009-2014,Kentucky,21,Jefferson,111,63,1037,161,116600,18,70,775
2009-2014,Kentucky,21,Jefferson,111,64,1031,183,166700,75,70,531
2009-2014,Kentucky,21,Jefferson,111,65,1363,206,49400,20,70,624
2009-2014,Kentucky,21,Jefferson,111,66,1332,333,196300,77,70,263
2009-2014,Kentucky,21,Jefferson,111,68,1113,175,99700,0,70,908
2009-2014,Kentucky,21,Jefferson,111,69,1114,142,124700,28,70,808
2009-2014,Kentucky,21,Jefferson,111,70,1027,67,134600,18,70,918
2009-2014,Kentucky,21,Jefferson,111,71,2335,245,106700,391,64.5,1354
2009-2014,Kentucky,21,Jefferson,111,74,1181,60,145200,42,70,566
2009-2014,Kentucky,21,Jefferson,111,75.01,2078,130,442400,244,44.5,1895
2009-2014,Kentucky,21,Jefferson,111,75.02,2328,67,387700,190,34.5,1955
2009-2014,Kentucky,21,Jefferson,111,76.01,1084,51,169500,103,54.5,408
2009-2014,Kentucky,21,Jefferson,111,76.02,2169,197,117700,415,44.5,476
2009-2014,Kentucky,21,Jefferson,111,76.03,1411,95,137500,112,34.5,391
2009-2014,Kentucky,21,Jefferson,111,77,1675,170,282600,161,54.5,876
2009-2014,Kentucky,21,Jefferson,111,78,1618,143,214000,26,64.5,1305
2009-2014,Kentucky,21,Jefferson,111,79,1024,138,227900,12,70,584
2009-2014,Kentucky,21,Jefferson,111,81,1848,166,130900,8,70,1072
2009-2014,Kentucky,21,Jefferson,111,82,2532,332,293800,99,64.5,673
2009-2014,Kentucky,21,Jefferson,111,83,1375,139,271600,46,70,795
2009-2014,Kentucky,21,Jefferson,111,84,1485,92,210500,103,70,1049
2009-2014,Kentucky,21,Jefferson,111,85,1166,59,342800,11,70,490
2009-2014,Kentucky,21,Jefferson,111,87,1615,55,356400,68,54.5,1313
2009-2014,Kentucky,21,Jefferson,111,88,1617,112,356800,212,70,970
2009-2014,Kentucky,21,Jefferson,111,89,1734,140,248000,112,70,1388
2009-2014,Kentucky,21,Jefferson,111,90,3074,462,95300,998,54.5,2220
2009-2014,Kentucky,21,Jefferson,111,91.03,625,15,92200,487,44.5,423
2009-2014,Kentucky,21,Jefferson,111,91.05,1345,119,54600,496,24.5,311
2009-2014,Kentucky,21,Jefferson,111,91.06,2042,46,121300,934,34.5,1546
2009-2014,Kentucky,21,Jefferson,111,93,2295,100,143300,66,54.5,1876
2009-2014,Kentucky,21,Jefferson,111,94,3030,241,141600,85,64.5,2406
2009-2014,Kentucky,21,Jefferson,111,96,2133,80,222500,104,44.5,1579
2009-2014,Kentucky,21,Jefferson,111,97,1338,60,163500,193,54.5,1148
2009-2014,Kentucky,21,Jefferson,111,98,1382,90,225600,72,54.5,1043
2009-2014,Kentucky,21,Jefferson,111,99,1463,30,194800,74,54.5,945
2009-2014,Kentucky,21,Jefferson,111,100.01,2172,72,229500,129,44.5,1781
2009-2014,Kentucky,21,Jefferson,111,100.04,2231,150,156100,378,34.5,690
2009-2014,Kentucky,21,Jefferson,111,100.05,1859,142,142900,184,44.5,1666
2009-2014,Kentucky,21,Jefferson,111,100.06,1665,71,162500,227,44.5,1014
2009-2014,Kentucky,21,Jefferson,111,100.07,1554,25,228500,196,44.5,1502
2009-2014,Kentucky,21,Jefferson,111,100.08,1733,105,212300,151,34.5,997
2009-2014,Kentucky,21,Jefferson,111,101.02,1713,67,251800,276,34.5,1445
2009-2014,Kentucky,21,Jefferson,111,101.03,2114,177,192300,165,24.5,885
2009-2014,Kentucky,21,Jefferson,111,101.04,1641,83,151900,247,34.5,888
2009-2014,Kentucky,21,Jefferson,111,103.07,1993,130,343600,162,4.5,1873
2009-2014,Kentucky,21,Jefferson,111,103.09,1936,16,297800,439,14.5,1188
2009-2014,Kentucky,21,Jefferson,111,103.11,3156,180,162400,636,14.5,2285
2009-2014,Kentucky,21,Jefferson,111,103.12,1476,117,318400,367,34.5,1038
2009-2014,Kentucky,21,Jefferson,111,103.13,1655,48,382900,326,4.5,1512
2009-2014,Kentucky,21,Jefferson,111,103.14,2164,0,299000,559,14.5,1831
2009-2014,Kentucky,21,Jefferson,111,103.15,1338,12,399800,134,4.5,587
2009-2014,Kentucky,21,Jefferson,111,103.16,1795,96,360200,283,14.5,1563
2009-2014,Kentucky,21,Jefferson,111,103.17,1735,26,310600,255,24.5,1619
2009-2014,Kentucky,21,Jefferson,111,103.18,2782,187,257500,428,24.5,1429
2009-2014,Kentucky,21,Jefferson,111,103.19,2066,61,176000,561,14.5,1145
2009-2014,Kentucky,21,Jefferson,111,103.2,1595,301,183200,289,14.5,784
2009-2014,Kentucky,21,Jefferson,111,104.02,2920,256,185300,533,24.5,2021
2009-2014,Kentucky,21,Jefferson,111,104.03,1696,85,258600,298,14.5,1237
2009-2014,Kentucky,21,Jefferson,111,104.05,2280,191,170500,432,24.5,724
2009-2014,Kentucky,21,Jefferson,111,104.06,2364,202,315700,247,24.5,1768
2009-2014,Kentucky,21,Jefferson,111,105,1773,98,249800,65,54.5,1162
2009-2014,Kentucky,21,Jefferson,111,106.01,1674,150,215500,42,54.5,893
2009-2014,Kentucky,21,Jefferson,111,106.02,2098,176,209600,271,24.5,463
2009-2014,Kentucky,21,Jefferson,111,107.01,2581,183,352900,444,24.5,1363
2009-2014,Kentucky,21,Jefferson,111,107.02,2515,128,209400,350,34.5,1501
2009-2014,Kentucky,21,Jefferson,111,107.05,2957,361,212500,724,34.5,1170
2009-2014,Kentucky,21,Jefferson,111,107.06,1454,31,225600,9,34.5,909
2009-2014,Kentucky,21,Jefferson,111,108,1694,163,152300,225,44.5,1123
2009-2014,Kentucky,21,Jefferson,111,109.01,2426,222,129700,1165,44.5,1332
2009-2014,Kentucky,21,Jefferson,111,109.02,1941,148,137700,197,54.5,1698
2009-2014,Kentucky,21,Jefferson,111,110.02,2661,319,115400,633,34.5,498
2009-2014,Kentucky,21,Jefferson,111,110.03,2773,82,134300,374,44.5,1823
2009-2014,Kentucky,21,Jefferson,111,110.04,3145,272,145300,613,44.5,1651
2009-2014,Kentucky,21,Jefferson,111,110.05,1356,66,109100,178,44.5,836
2009-2014,Kentucky,21,Jefferson,111,111.02,2765,169,159300,134,34.5,1859
2009-2014,Kentucky,21,Jefferson,111,111.06,3032,360,142300,590,44.5,2237
2009-2014,Kentucky,21,Jefferson,111,111.09,899,74,165200,100,34.5,718
2009-2014,Kentucky,21,Jefferson,111,111.1,2473,233,160000,231,24.5,2114
2009-2014,Kentucky,21,Jefferson,111,111.11,2384,188,180700,246,34.5,1373
2009-2014,Kentucky,21,Jefferson,111,111.12,1470,94,167500,210,14.5,947
2009-2014,Kentucky,21,Jefferson,111,111.13,1343,69,196600,131,14.5,666
2009-2014,Kentucky,21,Jefferson,111,111.14,2260,126,195300,589,14.5,1470
2009-2014,Kentucky,21,Jefferson,111,112,2870,586,112300,585,34.5,879
2009-2014,Kentucky,21,Jefferson,111,113.01,1062,68,95200,88,44.5,672
2009-2014,Kentucky,21,Jefferson,111,113.02,2760,341,79900,0,44.5,2187
2009-2014,Kentucky,21,Jefferson,111,114.03,851,88,93500,35,54.5,826
2009-2014,Kentucky,21,Jefferson,111,114.04,1804,327,97400,280,34.5,725
2009-2014,Kentucky,21,Jefferson,111,114.05,2475,317,114200,171,44.5,1408
2009-2014,Kentucky,21,Jefferson,111,114.06,2051,118,118400,382,34.5,956
2009-2014,Kentucky,21,Jefferson,111,115.05,2781,141,150500,241,34.5,2095
2009-2014,Kentucky,21,Jefferson,111,115.06,2175,175,144800,374,34.5,1721
2009-2014,Kentucky,21,Jefferson,111,115.08,2182,265,153900,216,24.5,1794
2009-2014,Kentucky,21,Jefferson,111,115.09,1979,246,143800,276,34.5,752
2009-2014,Kentucky,21,Jefferson,111,115.13,1886,75,136000,119,34.5,1444
2009-2014,Kentucky,21,Jefferson,111,115.14,1451,92,140200,258,14.5,870
2009-2014,Kentucky,21,Jefferson,111,115.15,1836,76,155700,34,34.5,1779
2009-2014,Kentucky,21,Jefferson,111,115.16,1911,8,133600,51,14.5,966
2009-2014,Kentucky,21,Jefferson,111,115.17,2205,56,170400,489,14.5,1613
2009-2014,Kentucky,21,Jefferson,111,115.18,775,0,262800,54,14.5,770
2009-2014,Kentucky,21,Jefferson,111,115.19,2009,104,196600,142,14.5,1651
2009-2014,Kentucky,21,Jefferson,111,115.2,1225,34,314300,175,4.5,1094
2009-2014,Kentucky,21,Jefferson,111,116.01,2371,70,302900,338,14.5,1894
2009-2014,Kentucky,21,Jefferson,111,116.03,2013,127,279900,72,14.5,1445
2009-2014,Kentucky,21,Jefferson,111,116.04,1033,90,359000,68,24.5,994
2009-2014,Kentucky,21,Jefferson,111,117.06,1624,56,147800,118,44.5,1349
2009-2014,Kentucky,21,Jefferson,111,117.07,2254,316,123400,332,24.5,2171
2009-2014,Kentucky,21,Jefferson,111,117.08,1837,94,184200,149,4.5,1189
2009-2014,Kentucky,21,Jefferson,111,117.09,1589,45,225800,36,4.5,1418
2009-2014,Kentucky,21,Jefferson,111,117.1,1103,58,136500,163,14.5,812
2009-2014,Kentucky,21,Jefferson,111,117.11,2250,181,137400,297,24.5,2066
2009-2014,Kentucky,21,Jefferson,111,117.12,1752,187,123400,235,34.5,1195
2009-2014,Kentucky,21,Jefferson,111,117.13,1233,172,97400,119,34.5,724
2009-2014,Kentucky,21,Jefferson,111,118,1335,166,93700,224,44.5,762
2009-2014,Kentucky,21,Jefferson,111,119.01,450,0,11500,88,24.5,38
2009-2014,Kentucky,21,Jefferson,111,119.04,1144,145,92300,103,44.5,637
2009-2014,Kentucky,21,Jefferson,111,119.05,3248,242,109100,306,34.5,2074
2009-2014,Kentucky,21,Jefferson,111,119.06,1605,139,113700,632,34.5,647
2009-2014,Kentucky,21,Jefferson,111,119.07,1866,60,137000,100,44.5,1547
2009-2014,Kentucky,21,Jefferson,111,120.01,1417,154,101300,21,44.5,1267
2009-2014,Kentucky,21,Jefferson,111,120.02,2319,103,86700,446,24.5,1237
2009-2014,Kentucky,21,Jefferson,111,120.03,1451,57,112300,120,34.5,1146
2009-2014,Kentucky,21,Jefferson,111,121.03,1455,304,116500,11,54.5,1226
2009-2014,Kentucky,21,Jefferson,111,121.04,1666,304,89400,35,54.5,1517
2009-2014,Kentucky,21,Jefferson,111,121.05,1939,165,129700,70,34.5,1366
2009-2014,Kentucky,21,Jefferson,111,121.06,3124,223,120200,12,44.5,2539
2009-2014,Kentucky,21,Jefferson,111,121.07,2267,141,119100,82,34.5,1674
2009-2014,Kentucky,21,Jefferson,111,122.02,2692,104,128300,624,44.5,1729
2009-2014,Kentucky,21,Jefferson,111,122.03,2582,125,165800,48,34.5,2030
2009-2014,Kentucky,21,Jefferson,111,122.04,2006,282,194100,76,34.5,1017
2009-2014,Kentucky,21,Jefferson,111,123.01,1417,102,130900,61,44.5,1334
2009-2014,Kentucky,21,Jefferson,111,123.02,2472,320,153000,0,34.5,1400
2009-2014,Kentucky,21,Jefferson,111,124.06,2407,145,112100,29,54.5,2002
2009-2014,Kentucky,21,Jefferson,111,124.07,1890,116,122800,53,44.5,1774
2009-2014,Kentucky,21,Jefferson,111,124.08,1005,53,106200,81,54.5,892
2009-2014,Kentucky,21,Jefferson,111,124.09,1402,95,95100,27,54.5,1378
2009-2014,Kentucky,21,Jefferson,111,124.1,1862,54,150600,47,14.5,1187
2009-2014,Kentucky,21,Jefferson,111,124.11,2598,72,129200,103,34.5,2354
2009-2014,Kentucky,21,Jefferson,111,125.01,1248,96,108100,0,44.5,622
2009-2014,Kentucky,21,Jefferson,111,125.02,2582,173,99000,112,44.5,1891
2009-2014,Kentucky,21,Jefferson,111,125.03,1849,322,101900,33,44.5,1423
2009-2014,Kentucky,21,Jefferson,111,126.01,3041,54,111700,270,44.5,2221
2009-2014,Kentucky,21,Jefferson,111,126.03,1213,42,94500,18,54.5,895
2009-2014,Kentucky,21,Jefferson,111,126.04,2183,104,110500,311,44.5,1732
2009-2014,Kentucky,21,Jefferson,111,127.01,1761,272,80600,59,44.5,1010
2009-2014,Kentucky,21,Jefferson,111,127.02,870,109,91900,50,54.5,865
2009-2014,Kentucky,21,Jefferson,111,127.03,2494,153,107400,92,34.5,1706
2009-2014,Kentucky,21,Jefferson,111,128.01,1453,145,91300,46,54.5,1161
2009-2014,Kentucky,21,Jefferson,111,128.02,1112,31,77000,14,54.5,843
2009-2014,Kentucky,21,Jefferson,111,131,889,46,276700,33,70,814
2009-2014,Kentucky,21,Jefferson,111,9801,0,0,0,0,0,0
